month,day,temp_mean,temp_accum,flower_status
3,1,2.4,2.4,1
3,2,-2.4,0,1
3,3,-4,-4,1
3,4,-1.1,-5.1,1
3,5,0.3,-4.8,1
3,6,4.4,-0.4,1
3,7,5,4.6,1
3,8,0,4.6,1
3,9,-1.3,3.3,1
3,10,1.4,4.7,1
3,11,0.2,4.9,1
3,12,-0.1,4.8,1
3,13,2,6.8,1
3,14,3.2,10,1
3,15,2.8,12.8,1
3,16,1.5,14.3,1
3,17,-0.4,13.9,1
3,18,2.3,16.2,1
3,19,2.4,18.6,1
3,20,3.8,22.4,1
3,21,4.8,27.2,1
3,22,3.6,30.8,1
3,23,1.5,32.3,1
3,24,0,32.3,1
3,25,6.1,38.4,1
3,26,3.9,42.3,1
3,27,2.9,45.2,1
3,28,6.8,52,1
3,29,11,63,1
3,30,5.7,68.7,1
3,31,2.3,71,1
4,1,6.1,77.1,1
4,2,5.7,82.8,1
4,3,7.5,90.3,1
4,4,7.4,97.7,1
4,5,6.6,104.3,1
4,6,8.2,112.5,1
4,7,7.9,120.4,1
4,8,8.7,129.1,1
4,9,9.3,138.4,1
4,10,9.7,148.1,1
4,11,4.8,152.9,1
4,12,3.5,156.4,1
4,13,5.3,161.7,1
4,14,5.6,167.3,1
4,15,4.1,171.4,1
4,16,4.5,175.9,1
4,17,6.9,182.8,1
4,18,8.5,191.3,1
4,19,8.5,199.8,1
4,20,7.4,207.2,1
4,21,9.5,216.7,1
4,22,10.9,227.6,2
4,23,5.9,233.5,2
4,24,5.4,238.9,2
4,25,9.5,248.4,2
4,26,12.4,260.8,2
4,27,15,275.8,2
4,28,16.4,292.2,3
4,29,14.9,307.1,3
4,30,12,319.1,3
5,1,11.2,330.3,4
5,2,16.7,347,4
5,3,14.1,361.1,4
5,4,15.5,376.6,4
5,5,13.5,390.1,4
5,6,13.7,403.8,4
5,7,10.5,414.3,4
5,8,13.7,428,4
5,9,12.2,440.2,4
5,10,15.9,456.1,4
5,11,14.6,470.7,4
5,12,12.4,483.1,4
5,13,15.1,498.2,4
5,14,15.6,513.8,4
5,15,17.5,531.3,4
5,16,18.8,550.1,4
5,17,16.3,566.4,4
5,18,15.1,581.5,4
5,19,13.3,594.8,4
5,20,9.8,604.6,4
5,21,11,615.6,4
5,22,10.6,626.2,4
5,23,12,638.2,4
5,24,14.8,653,4
5,25,12.7,665.7,4
5,26,10.6,676.3,4
5,27,10.8,687.1,4
5,28,13.8,700.9,4
5,29,13.9,714.8,4
5,30,16,730.8,4
5,31,12.3,743.1,4
3,1,0.8,0.8,1
3,2,3.1,3.9,1
3,3,4.3,8.2,1
3,4,2,10.2,1
3,5,1.7,11.9,1
3,6,3.7,15.6,1
3,7,1.1,16.7,1
3,8,2.2,18.9,1
3,9,1.8,20.7,1
3,10,-1.2,19.5,1
3,11,0.6,20.1,1
3,12,2.2,22.3,1
3,13,4,26.3,1
3,14,3.8,30.1,1
3,15,-0.3,29.8,1
3,16,-2.9,26.9,1
3,17,-1.8,25.1,1
3,18,1.2,26.3,1
3,19,6.5,32.8,1
3,20,6.6,39.4,1
3,21,2.1,41.5,1
3,22,0.9,42.4,1
3,23,0.9,43.3,1
3,24,4.1,47.4,1
3,25,6.5,53.9,1
3,26,6.9,60.8,1
3,27,6.8,67.6,1
3,28,8.5,76.1,1
3,29,12.4,88.5,1
3,30,8.2,96.7,1
3,31,4.5,101.2,1
4,1,2.1,103.3,1
4,2,1.3,104.6,1
4,3,4.3,108.9,1
4,4,7.5,116.4,1
4,5,10.5,126.9,1
4,6,10.2,137.1,1
4,7,9.9,147,1
4,8,9,156,1
4,9,9.1,165.1,1
4,10,10,175.1,1
4,11,10.8,185.9,1
4,12,9.5,195.4,1
4,13,19.1,214.5,1
4,14,13.2,227.7,2
4,15,7.9,235.6,2
4,16,9.3,244.9,2
4,17,8.9,253.8,2
4,18,10.3,264.1,2
4,19,13.1,277.2,2
4,20,17.8,295,3
4,21,21,316,3
4,22,20.2,336.2,4
4,23,20.5,356.7,4
4,24,19.1,375.8,4
4,25,11.2,387,4
4,26,8.9,395.9,4
4,27,8.8,404.7,4
4,28,11.7,416.4,4
4,29,14,430.4,4
4,30,10.1,440.5,4
5,1,11.5,452,4
5,2,20.4,472.4,4
5,3,12.2,484.6,4
5,4,11,495.6,4
5,5,13.4,509,4
5,6,15.4,524.4,4
5,7,15.4,539.8,4
5,8,10.3,550.1,4
5,9,13.2,563.3,4
5,10,11.9,575.2,4
5,11,10.8,586,4
5,12,12.3,598.3,4
5,13,14.1,612.4,4
5,14,12.1,624.5,4
5,15,15.3,639.8,4
5,16,18.4,658.2,4
5,17,19.2,677.4,4
5,18,19.7,697.1,4
5,19,18,715.1,4
5,20,15.8,730.9,4
5,21,17.7,748.6,4
5,22,16.4,765,4
5,23,17.9,782.9,4
5,24,17.2,800.1,4
5,25,14.4,814.5,4
5,26,14.7,829.2,4
5,27,16.4,845.6,4
5,28,16.6,862.2,4
5,29,21.1,883.3,4
5,30,19.7,903,4
5,31,17.3,920.3,4
3,1,2,2,1
3,2,2.2,4.2,1
3,3,2.6,6.8,1
3,4,2.2,9,1
3,5,1.9,10.9,1
3,6,-1.7,9.2,1
3,7,-1.4,7.8,1
3,8,-1.7,6.1,1
3,9,-1.3,4.8,1
3,10,-0.1,4.7,1
3,11,-1.6,3.1,1
3,12,-3.4,-0.3,1
3,13,-0.6,-0.9,1
3,14,5.7,4.8,1
3,15,2.6,7.4,1
3,16,2.9,10.3,1
3,17,4.2,14.5,1
3,18,8,22.5,1
3,19,2.8,25.3,1
3,20,0.1,25.4,1
3,21,-0.7,24.7,1
3,22,0.9,25.6,1
3,23,-0.5,25.1,1
3,24,4,29.1,1
3,25,4.7,33.8,1
3,26,6.5,40.3,1
3,27,4.1,44.4,1
3,28,-0.9,43.5,1
3,29,-3.3,40.2,1
3,30,-0.5,39.7,1
3,31,1.1,40.8,1
4,1,8.1,48.9,1
4,2,4.4,53.3,1
4,3,2,55.3,1
4,4,4.7,60,1
4,5,5,65,1
4,6,3.5,68.5,1
4,7,0.6,69.1,1
4,8,1.8,70.9,1
4,9,6.4,77.3,1
4,10,9.1,86.4,1
4,11,8.1,94.5,1
4,12,10.9,105.4,1
4,13,10.5,115.9,1
4,14,7.8,123.7,1
4,15,6.8,130.5,1
4,16,11.1,141.6,1
4,17,10,151.6,1
4,18,10.4,162,1
4,19,11.9,173.9,1
4,20,12.1,186,1
4,21,8.2,194.2,1
4,22,10.7,204.9,2
4,23,15.3,220.2,2
4,24,13.7,233.9,2
4,25,10.9,244.8,2
4,26,12.1,256.9,2
4,27,14.2,271.1,3
4,28,8.4,279.5,4
4,29,8,287.5,4
4,30,10,297.5,4
5,1,13.9,311.4,4
5,2,12.8,324.2,4
5,3,12.2,336.4,4
5,4,13.5,349.9,4
5,5,11.4,361.3,4
5,6,11,372.3,4
5,7,13.1,385.4,4
5,8,11.3,396.7,4
5,9,12.8,409.5,4
5,10,11,420.5,4
5,11,11,431.5,4
5,12,14.8,446.3,4
5,13,15.8,462.1,4
5,14,11.9,474,4
5,15,10.5,484.5,4
5,16,11,495.5,4
5,17,11.6,507.1,4
5,18,14.1,521.2,4
5,19,15.5,536.7,4
5,20,16.3,553,4
5,21,16.3,569.3,4
5,22,18,587.3,4
5,23,19,606.3,4
5,24,15.5,621.8,4
5,25,12.4,634.2,4
5,26,17.2,651.4,4
5,27,13.8,665.2,4
5,28,15.1,680.3,4
5,29,15,695.3,4
5,30,16.4,711.7,4
5,31,18,729.7,4
3,1,-1.5,-1.5,1
3,2,4.1,2.6,1
3,3,2.6,5.2,1
3,4,6.5,11.7,1
3,5,2.2,13.9,1
3,6,0.4,14.3,1
3,7,-0.5,13.8,1
3,8,-2.9,10.9,1
3,9,-4.9,6,1
3,10,-3.9,2.1,1
3,11,1.2,3.3,1
3,12,-0.2,3.1,1
3,13,-2,1.1,1
3,14,-1.2,-0.1,1
3,15,0.5,0.4,1
3,16,0.7,1.1,1
3,17,1,2.1,1
3,18,2.6,4.7,1
3,19,1.4,6.1,1
3,20,1.1,7.2,1
3,21,0.9,8.1,1
3,22,1,9.1,1
3,23,2.9,12,1
3,24,3.5,15.5,1
3,25,0.2,15.7,1
3,26,-1.4,14.3,1
3,27,0.6,14.9,1
3,28,2.9,17.8,1
3,29,6.9,24.7,1
3,30,4.9,29.6,1
3,31,7.3,36.9,1
4,1,4.9,41.8,1
4,2,4.1,45.9,1
4,3,4.7,50.6,1
4,4,5.9,56.5,1
4,5,7.3,63.8,1
4,6,5.9,69.7,1
4,7,9.1,78.8,1
4,8,6.6,85.4,1
4,9,7.2,92.6,1
4,10,11.4,104,1
4,11,5.2,109.2,1
4,12,5.4,114.6,1
4,13,9.9,124.5,1
4,14,8.7,133.2,1
4,15,6.6,139.8,1
4,16,5.1,144.9,1
4,17,5.5,150.4,1
4,18,7.9,158.3,1
4,19,9.2,167.5,1
4,20,8.9,176.4,1
4,21,11.9,188.3,1
4,22,11.7,200,1
4,23,10.3,210.3,1
4,24,9.9,220.2,1
4,25,10.2,230.4,1
4,26,10.1,240.5,2
4,27,9.1,249.6,2
4,28,8.5,258.1,2
4,29,9.5,267.6,2
4,30,10.8,278.4,2
5,1,10,288.4,2
5,2,11.9,300.3,2
5,3,11.4,311.7,3
5,4,10.5,322.2,3
5,5,11.4,333.6,3
5,6,11.6,345.2,3
5,7,14.6,359.8,4
5,8,13.2,373,4
5,9,12.6,385.6,4
5,10,13.1,398.7,4
5,11,14.6,413.3,4
5,12,15.2,428.5,4
5,13,13.7,442.2,4
5,14,13.1,455.3,4
5,15,12,467.3,4
5,16,11.7,479,4
5,17,13.4,492.4,4
5,18,14.1,506.5,4
5,19,16,522.5,4
5,20,15.2,537.7,4
5,21,13.6,551.3,4
5,22,15,566.3,4
5,23,15.4,581.7,4
5,24,14,595.7,4
5,25,16.4,612.1,4
5,26,19.7,631.8,4
5,27,19.8,651.6,4
5,28,18.2,669.8,4
5,29,20.2,690,4
5,30,22.4,712.4,4
5,31,17.9,730.3,4
3,1,0.7,0.7,1
3,2,0.3,1,1
3,3,0.6,1.6,1
3,4,1.6,3.2,1
3,5,-1.1,2.1,1
3,6,-1.2,0.9,1
3,7,-1.8,-0.9,1
3,8,-2.4,-3.3,1
3,9,-3.9,-7.2,1
3,10,-3.3,-10.5,1
3,11,-3.7,-14.2,1
3,12,-1.6,-15.8,1
3,13,-0.2,-16,1
3,14,3.1,-12.9,1
3,15,2.5,-10.4,1
3,16,0.1,-10.3,1
3,17,3.5,-6.8,1
3,18,4.5,-2.3,1
3,19,6.5,4.2,1
3,20,9.9,14.1,1
3,21,4,18.1,1
3,22,7,25.1,1
3,23,5.3,30.4,1
3,24,4.4,34.8,1
3,25,6.8,41.6,1
3,26,4.8,46.4,1
3,27,1.2,47.6,1
3,28,2.4,50,1
3,29,2.6,52.6,1
3,30,2.1,54.7,1
3,31,1,55.7,1
4,1,2.5,58.2,1
4,2,7.3,65.5,1
4,3,5.6,71.1,1
4,4,4,75.1,1
4,5,7.1,82.2,1
4,6,7,89.2,1
4,7,7.8,97,1
4,8,8.2,105.2,1
4,9,11.4,116.6,1
4,10,12.1,128.7,1
4,11,12.4,141.1,1
4,12,10.5,151.6,1
4,13,9.2,160.8,1
4,14,11.3,172.1,1
4,15,8.9,181,1
4,16,10.3,191.3,1
4,17,13.9,205.2,1
4,18,15.8,221,1
4,19,15.9,236.9,2
4,20,6.1,243,2
4,21,5,248,2
4,22,5.5,253.5,2
4,23,8.5,262,2
4,24,10,272,2
4,25,7.3,279.3,2
4,26,9.9,289.2,2
4,27,13.7,302.9,3
4,28,14.8,317.7,3
4,29,14.3,332,4
4,30,10.8,342.8,4
5,1,8.3,351.1,4
5,2,7.8,358.9,4
5,3,8.5,367.4,4
5,4,9.5,376.9,4
5,5,11.1,388,4
5,6,13.6,401.6,4
5,7,14.1,415.7,4
5,8,10.5,426.2,4
5,9,9.3,435.5,4
5,10,12.7,448.2,4
5,11,10.3,458.5,4
5,12,14,472.5,4
5,13,17.1,489.6,4
5,14,19.6,509.2,4
5,15,20.3,529.5,4
5,16,15.3,544.8,4
5,17,15.5,560.3,4
5,18,20.7,581,4
5,19,17.3,598.3,4
5,20,16.3,614.6,4
5,21,15.3,629.9,4
5,22,14,643.9,4
5,23,16.1,660,4
5,24,13.6,673.6,4
5,25,15.3,688.9,4
5,26,14.1,703,4
5,27,13.5,716.5,4
5,28,14.2,730.7,4
5,29,17.2,747.9,4
5,30,20.1,768,4
5,31,18.2,786.2,4
3,1,2.6,2.6,1
3,2,-2.3,0.3,1
3,3,-3.2,-2.9,1
3,4,-0.6,-3.5,1
3,5,2.2,-1.3,1
3,6,0.7,-0.6,1
3,7,0.4,-0.2,1
3,8,-0.4,-0.6,1
3,9,5.6,5,1
3,10,6.1,11.1,1
3,11,2.7,13.8,1
3,12,3.4,17.2,1
3,13,5,22.2,1
3,14,9.3,31.5,1
3,15,7.7,39.2,1
3,16,4.6,43.8,1
3,17,6.2,50,1
3,18,4.5,54.5,1
3,19,3.7,58.2,1
3,20,5.4,63.6,1
3,21,9.2,72.8,1
3,22,6.9,79.7,1
3,23,2.6,82.3,1
3,24,1.8,84.1,1
3,25,4.1,88.2,1
3,26,8.1,96.3,1
3,27,5.8,102.1,1
3,28,4.6,106.7,1
3,29,7.6,114.3,1
3,30,7.2,121.5,1
3,31,7.3,128.8,1
4,1,9.7,138.5,1
4,2,10.5,149,1
4,3,6.6,155.6,1
4,4,6.8,162.4,1
4,5,7.6,170,1
4,6,8.7,178.7,1
4,7,10.5,189.2,1
4,8,14.3,203.5,1
4,9,9.1,212.6,1
4,10,7.7,220.3,1
4,11,8.6,228.9,1
4,12,7,235.9,1
4,13,8.2,244.1,1
4,14,11.2,255.3,2
4,15,16.9,272.2,2
4,16,16.8,289,2
4,17,14.2,303.2,3
4,18,10.4,313.6,3
4,19,11.4,325,3
4,20,14.2,339.2,3
4,21,16.5,355.7,4
4,22,14.9,370.6,4
4,23,14.3,384.9,4
4,24,16.8,401.7,4
4,25,10,411.7,4
4,26,8.8,420.5,4
4,27,9.5,430,4
4,28,10.7,440.7,4
4,29,11.9,452.6,4
4,30,12.5,465.1,4
5,1,13.2,478.3,4
5,2,11.6,489.9,4
5,3,16.6,506.5,4
5,4,16.3,522.8,4
5,5,12.6,535.4,4
5,6,12.8,548.2,4
5,7,13.3,561.5,4
5,8,11.7,573.2,4
5,9,13.7,586.9,4
5,10,13.7,600.6,4
5,11,10.8,611.4,4
5,12,11.5,622.9,4
5,13,11.6,634.5,4
5,14,12.9,647.4,4
5,15,13,660.4,4
5,16,14.9,675.3,4
5,17,12.9,688.2,4
5,18,13.5,701.7,4
5,19,12.3,714,4
5,20,13,727,4
5,21,13.3,740.3,4
5,22,13.3,753.6,4
5,23,15.7,769.3,4
5,24,16.2,785.5,4
5,25,13,798.5,4
5,26,12.4,810.9,4
5,27,13.4,824.3,4
5,28,15.6,839.9,4
5,29,16.8,856.7,4
5,30,19.5,876.2,4
5,31,17.2,893.4,4
3,1,1.9,1.9,1
3,2,2.2,4.1,1
3,3,1.7,5.8,1
3,4,-1.7,4.1,1
3,5,-1.2,2.9,1
3,6,0.9,3.8,1
3,7,0.3,4.1,1
3,8,-0.4,3.7,1
3,9,-1.4,2.3,1
3,10,-3.9,-1.6,1
3,11,-3,-4.6,1
3,12,-0.9,-5.5,1
3,13,0.6,-4.9,1
3,14,1.5,-3.4,1
3,15,2.6,-0.8,1
3,16,2.6,1.8,1
3,17,0.9,2.7,1
3,18,2.3,5,1
3,19,1.5,6.5,1
3,20,1,7.5,1
3,21,0.3,7.8,1
3,22,2.6,10.4,1
3,23,3.7,14.1,1
3,24,5.4,19.5,1
3,25,7.3,26.8,1
3,26,5.6,32.4,1
3,27,7.5,39.9,1
3,28,4.2,44.1,1
3,29,3,47.1,1
3,30,4.8,51.9,1
3,31,3.4,55.3,1
4,1,5.1,60.4,1
4,2,4.7,65.1,1
4,3,5.8,70.9,1
4,4,6.1,77,1
4,5,5.4,82.4,1
4,6,5.9,88.3,1
4,7,8.7,97,1
4,8,11.2,108.2,1
4,9,4.7,112.9,1
4,10,6.6,119.5,1
4,11,8.3,127.8,1
4,12,11.1,138.9,1
4,13,11.2,150.1,1
4,14,9.8,159.9,1
4,15,10.7,170.6,1
4,16,12.3,182.9,1
4,17,15.8,198.7,1
4,18,13.2,211.9,2
4,19,12.5,224.4,2
4,20,8.1,232.5,2
4,21,4.4,236.9,2
4,22,8.5,245.4,2
4,23,9.5,254.9,2
4,24,10.6,265.5,2
4,25,10.8,276.3,3
4,26,8.5,284.8,3
4,27,11,295.8,3
4,28,15.4,311.2,3
4,29,17.6,328.8,4
4,30,9.3,338.1,4
5,1,9.2,347.3,4
5,2,15,362.3,4
5,3,18,380.3,4
5,4,12.5,392.8,4
5,5,13.8,406.6,4
5,6,14.9,421.5,4
5,7,17.2,438.7,4
5,8,9.6,448.3,4
5,9,9.9,458.2,4
5,10,9.8,468,4
5,11,11.9,479.9,4
5,12,14.5,494.4,4
5,13,17.5,511.9,4
5,14,17.7,529.6,4
5,15,14.2,543.8,4
5,16,10.8,554.6,4
5,17,12.4,567,4
5,18,14.2,581.2,4
5,19,13.4,594.6,4
5,20,14.1,608.7,4
5,21,13.1,621.8,4
5,22,13.3,635.1,4
5,23,14.6,649.7,4
5,24,14.2,663.9,4
5,25,14.3,678.2,4
5,26,15.7,693.9,4
5,27,16.8,710.7,4
5,28,16.6,727.3,4
5,29,19.5,746.8,4
5,30,21.1,767.9,4
5,31,15.6,783.5,4
3,1,-2.6,-2.6,1
3,2,-3.6,-6.2,1
3,3,-4.5,-10.7,1
3,4,-3.2,-13.9,1
3,5,-3.6,-17.5,1
3,6,-2.7,-20.2,1
3,7,-1.6,-21.8,1
3,8,-1.9,-23.7,1
3,9,3,-20.7,1
3,10,8.7,-12,1
3,11,5.6,-6.4,1
3,12,3.9,-2.5,1
3,13,2.2,-0.3,1
3,14,0.1,-0.2,1
3,15,1.1,0.9,1
3,16,3.9,4.8,1
3,17,10,14.8,1
3,18,1.3,16.1,1
3,19,1.7,17.8,1
3,20,3.4,21.2,1
3,21,3.7,24.9,1
3,22,2.9,27.8,1
3,23,3.5,31.3,1
3,24,5,36.3,1
3,25,6.8,43.1,1
3,26,4.8,47.9,1
3,27,5.5,53.4,1
3,28,6.1,59.5,1
3,29,9.3,68.8,1
3,30,12.5,81.3,1
3,31,6.8,88.1,1
4,1,6.1,94.2,1
4,2,1.1,95.3,1
4,3,2.6,97.9,1
4,4,4.1,102,1
4,5,6.1,108.1,1
4,6,12,120.1,1
4,7,8.4,128.5,1
4,8,6.7,135.2,1
4,9,8.1,143.3,1
4,10,8.8,152.1,1
4,11,8,160.1,1
4,12,10.7,170.8,1
4,13,9.4,180.2,1
4,14,9.5,189.7,1
4,15,9.9,199.6,1
4,16,12.1,211.7,2
4,17,6.9,218.6,2
4,18,12.2,230.8,2
4,19,16.1,246.9,2
4,20,12.1,259,3
4,21,11.2,270.2,3
4,22,7.3,277.5,3
4,23,5.3,282.8,3
4,24,4.1,286.9,4
4,25,5.9,292.8,4
4,26,8.2,301,4
4,27,6.2,307.2,4
4,28,7.8,315,4
4,29,12.5,327.5,4
4,30,13.8,341.3,4
5,1,10.6,351.9,4
5,2,12.4,364.3,4
5,3,14.8,379.1,4
5,4,13.7,392.8,4
5,5,11.6,404.4,4
5,6,13.9,418.3,4
5,7,14,432.3,4
5,8,16.5,448.8,4
5,9,17.4,466.2,4
5,10,14.8,481,4
5,11,16.1,497.1,4
5,12,15.6,512.7,4
5,13,17.2,529.9,4
5,14,15.1,545,4
5,15,17.9,562.9,4
5,16,15.1,578,4
5,17,15.4,593.4,4
5,18,17.6,611,4
5,19,18.5,629.5,4
5,20,19.1,648.6,4
5,21,11.9,660.5,4
5,22,12.3,672.8,4
5,23,15.2,688,4
5,24,14.9,702.9,4
5,25,13.1,716,4
5,26,17.9,733.9,4
5,27,20.3,754.2,4
5,28,20.4,774.6,4
5,29,19.5,794.1,4
5,30,18.7,812.8,4
5,31,16.5,829.3,4
3,1,-4.5,-4.5,1
3,2,-4.5,-9,1
3,3,-3.9,-12.9,1
3,4,-3.2,-16.1,1
3,5,-2.4,-18.5,1
3,6,-1.4,-19.9,1
3,7,4.2,-15.7,1
3,8,3,-12.7,1
3,9,-1.6,-14.3,1
3,10,0.6,-13.7,1
3,11,1.3,-12.4,1
3,12,0.7,-11.7,1
3,13,-2.5,-14.2,1
3,14,-1.5,-15.7,1
3,15,3.1,-12.6,1
3,16,4,-8.6,1
3,17,2.6,-6,1
3,18,2.9,-3.1,1
3,19,0.7,-2.4,1
3,20,2.3,-0.1,1
3,21,4.4,4.3,1
3,22,5.3,9.6,1
3,23,4.5,14.1,1
3,24,3.5,17.6,1
3,25,-0.7,16.9,1
3,26,-0.6,16.3,1
3,27,2.2,18.5,1
3,28,3.9,22.4,1
3,29,3.2,25.6,1
3,30,1.2,26.8,1
3,31,2.8,29.6,1
4,1,2.2,31.8,1
4,2,3.7,35.5,1
4,3,3.8,39.3,1
4,4,3.7,43,1
4,5,6.6,49.6,1
4,6,11.6,61.2,1
4,7,10.2,71.4,1
4,8,6.4,77.8,1
4,9,5.1,82.9,1
4,10,6.1,89,1
4,11,6.8,95.8,1
4,12,6.5,102.3,1
4,13,4.9,107.2,1
4,14,7.4,114.6,1
4,15,7.8,122.4,1
4,16,7.6,130,1
4,17,6.1,136.1,1
4,18,6.3,142.4,1
4,19,7.3,149.7,1
4,20,8.6,158.3,1
4,21,10.2,168.5,1
4,22,7.2,175.7,1
4,23,4.8,180.5,1
4,24,6.7,187.2,1
4,25,10,197.2,1
4,26,11.7,208.9,1
4,27,13.9,222.8,1
4,28,17.1,239.9,2
4,29,13.7,253.6,2
4,30,12.5,266.1,2
5,1,12.8,278.9,2
5,2,12.9,291.8,3
5,3,14.6,306.4,3
5,4,13.6,320,4
5,5,10.7,330.7,4
5,6,10.5,341.2,4
5,7,9.5,350.7,4
5,8,9.7,360.4,4
5,9,9.7,370.1,4
5,10,7.6,377.7,4
5,11,8.7,386.4,4
5,12,9.7,396.1,4
5,13,9.2,405.3,4
5,14,9.5,414.8,4
5,15,9.5,424.3,4
5,16,9.4,433.7,4
5,17,11.7,445.4,4
5,18,13.8,459.2,4
5,19,13.4,472.6,4
5,20,16.4,489,4
5,21,18.2,507.2,4
5,22,17.8,525,4
5,23,10.7,535.7,4
5,24,9.8,545.5,4
5,25,12.9,558.4,4
5,26,14.8,573.2,4
5,27,15.2,588.4,4
5,28,13.8,602.2,4
5,29,14.7,616.9,4
5,30,15.9,632.8,4
5,31,15.3,648.1,4
3,1,-1,-1,1
3,2,0.7,-0.3,1
3,3,-0.7,-1,1
3,4,0.2,-0.8,1
3,5,4,3.2,1
3,6,3,6.2,1
3,7,-0.2,6,1
3,8,1.3,7.3,1
3,9,-0.4,6.9,1
3,10,0.9,7.8,1
3,11,5.6,13.4,1
3,12,-0.4,13,1
3,13,-4.7,8.3,1
3,14,-3.4,4.9,1
3,15,3.3,8.2,1
3,16,6.1,14.3,1
3,17,4.2,18.5,1
3,18,5.3,23.8,1
3,19,1.6,25.4,1
3,20,1.6,27,1
3,21,2.3,29.3,1
3,22,4.5,33.8,1
3,23,2.1,35.9,1
3,24,2.3,38.2,1
3,25,4.4,42.6,1
3,26,5.8,48.4,1
3,27,3.2,51.6,1
3,28,5.6,57.2,1
3,29,2,59.2,1
3,30,0.4,59.6,1
3,31,2.3,61.9,1
4,1,3.7,65.6,1
4,2,4.1,69.7,1
4,3,2.6,72.3,1
4,4,3.8,76.1,1
4,5,3.3,79.4,1
4,6,2.6,82,1
4,7,3.2,85.2,1
4,8,1.7,86.9,1
4,9,3.2,90.1,1
4,10,3.7,93.8,1
4,11,7.5,101.3,1
4,12,9.6,110.9,1
4,13,6.9,117.8,1
4,14,6.5,124.3,1
4,15,8,132.3,1
4,16,5.5,137.8,1
4,17,5.1,142.9,1
4,18,5.9,148.8,1
4,19,7.3,156.1,1
4,20,5.4,161.5,1
4,21,6.3,167.8,1
4,22,6.8,174.6,1
4,23,7.3,181.9,1
4,24,7.5,189.4,1
4,25,7,196.4,1
4,26,10.6,207,1
4,27,8.7,215.7,1
4,28,10.6,226.3,1
4,29,12.9,239.2,1
4,30,13.2,252.4,2
5,1,12.6,265,2
5,2,7.5,272.5,2
5,3,8,280.5,2
5,4,10.1,290.6,2
5,5,14,304.6,3
5,6,13.8,318.4,3
5,7,13.6,332,3
5,8,11.3,343.3,4
5,9,11.1,354.4,4
5,10,12.7,367.1,4
5,11,14.9,382,4
5,12,13.8,395.8,4
5,13,12.6,408.4,4
5,14,11.4,419.8,4
5,15,16.1,435.9,4
5,16,15.7,451.6,4
5,17,16.5,468.1,4
5,18,16.4,484.5,4
5,19,17.7,502.2,4
5,20,16.1,518.3,4
5,21,14.7,533,4
5,22,19.1,552.1,4
5,23,17.6,569.7,4
5,24,12.7,582.4,4
5,25,11.9,594.3,4
5,26,13.8,608.1,4
5,27,19.3,627.4,4
5,28,17.8,645.2,4
5,29,16.5,661.7,4
5,30,16.7,678.4,4
5,31,14.9,693.3,4
3,1,1.1,1.1,1
3,2,2.6,3.7,1
3,3,4.1,7.8,1
3,4,5.1,12.9,1
3,5,8.4,21.3,1
3,6,1.9,23.2,1
3,7,-3.6,19.6,1
3,8,-1.3,18.3,1
3,9,0.3,18.6,1
3,10,2.2,20.8,1
3,11,0.4,21.2,1
3,12,-2.7,18.5,1
3,13,-1.8,16.7,1
3,14,-0.7,16,1
3,15,0.8,16.8,1
3,16,-0.2,16.6,1
3,17,-1.2,15.4,1
3,18,-1,14.4,1
3,19,-0.1,14.3,1
3,20,1.2,15.5,1
3,21,2.3,17.8,1
3,22,0.4,18.2,1
3,23,3.1,21.3,1
3,24,5.3,26.6,1
3,25,8.8,35.4,1
3,26,6,41.4,1
3,27,6,47.4,1
3,28,4.4,51.8,1
3,29,2.4,54.2,1
3,30,2.4,56.6,1
3,31,4.5,61.1,1
4,1,3.9,65,1
4,2,5.8,70.8,1
4,3,4.5,75.3,1
4,4,3.1,78.4,1
4,5,3.2,81.6,1
4,6,5.7,87.3,1
4,7,7.9,95.2,1
4,8,7.7,102.9,1
4,9,6.9,109.8,1
4,10,5.4,115.2,1
4,11,6.9,122.1,1
4,12,6.9,129,1
4,13,6.7,135.7,1
4,14,6.1,141.8,1
4,15,4.7,146.5,1
4,16,6.4,152.9,1
4,17,5,157.9,1
4,18,6.2,164.1,1
4,19,8.5,172.6,1
4,20,11.2,183.8,1
4,21,13,196.8,1
4,22,8.7,205.5,1
4,23,8.6,214.1,1
4,24,10,224.1,2
4,25,10.4,234.5,2
4,26,7.9,242.4,2
4,27,9.1,251.5,2
4,28,10.8,262.3,2
4,29,13.5,275.8,2
4,30,13.2,289,3
5,1,13.5,302.5,3
5,2,13.7,316.2,3
5,3,15.1,331.3,3
5,4,17.3,348.6,4
5,5,13.9,362.5,4
5,6,12,374.5,4
5,7,12.3,386.8,4
5,8,13.5,400.3,4
5,9,13.8,414.1,4
5,10,13.8,427.9,4
5,11,12.8,440.7,4
5,12,11.9,452.6,4
5,13,11.4,464,4
5,14,15.3,479.3,4
5,15,13.7,493,4
5,16,14.4,507.4,4
5,17,14.3,521.7,4
5,18,14.4,536.1,4
5,19,11.4,547.5,4
5,20,11,558.5,4
5,21,14.1,572.6,4
5,22,17.5,590.1,4
5,23,18.3,608.4,4
5,24,16.8,625.2,4
5,25,16,641.2,4
5,26,17.5,658.7,4
5,27,11.2,669.9,4
5,28,12.3,682.2,4
5,29,14.5,696.7,4
5,30,16.9,713.6,4
5,31,15.6,729.2,4
3,1,0.7,0.7,1
3,2,1.1,1.8,1
3,3,0.3,2.1,1
3,4,1.1,3.2,1
3,5,0.4,3.6,1
3,6,-0.1,3.5,1
3,7,-0.2,3.3,1
3,8,3.3,6.6,1
3,9,5.3,11.9,1
3,10,5.9,17.8,1
3,11,5,22.8,1
3,12,3.2,26,1
3,13,3.4,29.4,1
3,14,6.1,35.5,1
3,15,6.5,42,1
3,16,5.9,47.9,1
3,17,6.3,54.2,1
3,18,4.3,58.5,1
3,19,5.1,63.6,1
3,20,4.8,68.4,1
3,21,6.3,74.7,1
3,22,6.9,81.6,1
3,23,8.5,90.1,1
3,24,7.5,97.6,1
3,25,10.5,108.1,1
3,26,6.3,114.4,1
3,27,5.6,120,1
3,28,5.3,125.3,1
3,29,3.6,128.9,1
3,30,4.4,133.3,1
3,31,3.8,137.1,1
4,1,4.8,141.9,1
4,2,8.4,150.3,1
4,3,7.7,158,1
4,4,8.1,166.1,1
4,5,7.8,173.9,1
4,6,8.9,182.8,1
4,7,10.6,193.4,1
4,8,9.8,203.2,1
4,9,8.3,211.5,1
4,10,9.4,220.9,1
4,11,8.1,229,1
4,12,6.2,235.2,1
4,13,6.7,241.9,1
4,14,6.9,248.8,1
4,15,9.4,258.2,1
4,16,12.5,270.7,2
4,17,14.3,285,2
4,18,8.1,293.1,2
4,19,10.3,303.4,2
4,20,13,316.4,2
4,21,12.7,329.1,3
4,22,12.9,342,3
4,23,13.9,355.9,3
4,24,13.3,369.2,3
4,25,8.2,377.4,4
4,26,10.8,388.2,4
4,27,10.8,399,4
4,28,10.1,409.1,4
4,29,12.7,421.8,4
4,30,15.9,437.7,4
5,1,20,457.7,4
5,2,18.6,476.3,4
5,3,18.2,494.5,4
5,4,13.8,508.3,4
5,5,12.9,521.2,4
5,6,15.3,536.5,4
5,7,13.8,550.3,4
5,8,13,563.3,4
5,9,9.9,573.2,4
5,10,8.6,581.8,4
5,11,8.3,590.1,4
5,12,9.8,599.9,4
5,13,11.3,611.2,4
5,14,10.2,621.4,4
5,15,12,633.4,4
5,16,13.8,647.2,4
5,17,14,661.2,4
5,18,15.2,676.4,4
5,19,19.1,695.5,4
5,20,15.4,710.9,4
5,21,16.1,727,4
5,22,18.1,745.1,4
5,23,15.9,761,4
5,24,16.6,777.6,4
5,25,14.9,792.5,4
5,26,15,807.5,4
5,27,13.3,820.8,4
5,28,14,834.8,4
5,29,12.7,847.5,4
5,30,13,860.5,4
5,31,13,873.5,4
3,1,-0.7,-0.7,1
3,2,-2.2,-2.9,1
3,3,-1,-3.9,1
3,4,0.2,-3.7,1
3,5,1.7,-2,1
3,6,3.7,1.7,1
3,7,2,3.7,1
3,8,3.5,7.2,1
3,9,5,12.2,1
3,10,2.2,14.4,1
3,11,-3.3,11.1,1
3,12,0.6,11.7,1
3,13,3.7,15.4,1
3,14,3,18.4,1
3,15,2.3,20.7,1
3,16,5.4,26.1,1
3,17,5.1,31.2,1
3,18,9.3,40.5,1
3,19,11.2,51.7,1
3,20,3.9,55.6,1
3,21,3.6,59.2,1
3,22,5.9,65.1,1
3,23,2.1,67.2,1
3,24,-0.1,67.1,1
3,25,0.7,67.8,1
3,26,0.7,68.5,1
3,27,-0.2,68.3,1
3,28,-0.2,68.1,1
3,29,1.5,69.6,1
3,30,3.3,72.9,1
3,31,2.3,75.2,1
4,1,3.1,78.3,1
4,2,4.7,83,1
4,3,7.5,90.5,1
4,4,8.1,98.6,1
4,5,7.9,106.5,1
4,6,9.5,116,1
4,7,7.5,123.5,1
4,8,8.5,132,1
4,9,12.1,144.1,1
4,10,15.7,159.8,1
4,11,10.3,170.1,1
4,12,11.1,181.2,1
4,13,12.7,193.9,1
4,14,11.1,205,1
4,15,8.3,213.3,1
4,16,5.7,219,1
4,17,6.6,225.6,2
4,18,9.9,235.5,2
4,19,8.9,244.4,2
4,20,10.3,254.7,2
4,21,12,266.7,2
4,22,12.1,278.8,3
4,23,6.5,285.3,3
4,24,7.1,292.4,3
4,25,7.7,300.1,3
4,26,4.2,304.3,3
4,27,6.1,310.4,3
4,28,8,318.4,4
4,29,10,328.4,4
4,30,14,342.4,4
5,1,14.8,357.2,4
5,2,16.6,373.8,4
5,3,14.8,388.6,4
5,4,17.3,405.9,4
5,5,17.3,423.2,4
5,6,14.4,437.6,4
5,7,14.6,452.2,4
5,8,14.3,466.5,4
5,9,17.1,483.6,4
5,10,15.3,498.9,4
5,11,12,510.9,4
5,12,11.9,522.8,4
5,13,13.1,535.9,4
5,14,9.6,545.5,4
5,15,9.7,555.2,4
5,16,11.3,566.5,4
5,17,14.4,580.9,4
5,18,15.7,596.6,4
5,19,18.3,614.9,4
5,20,17.3,632.2,4
5,21,18,650.2,4
5,22,16.8,667,4
5,23,16.4,683.4,4
5,24,13.5,696.9,4
5,25,13.2,710.1,4
5,26,13.9,724,4
5,27,15.9,739.9,4
5,28,16.4,756.3,4
5,29,15.7,772,4
5,30,15.8,787.8,4
5,31,14,801.8,4
3,1,-0.6,-0.6,1
3,2,-1.2,-1.8,1
3,3,1.2,-0.6,1
3,4,2.3,1.7,1
3,5,3.5,5.2,1
3,6,2.8,8,1
3,7,-0.1,7.9,1
3,8,-1.7,6.2,1
3,9,-1.5,4.7,1
3,10,-0.9,3.8,1
3,11,1.2,5,1
3,12,5.3,10.3,1
3,13,2.9,13.2,1
3,14,0.8,14,1
3,15,1.6,15.6,1
3,16,4.9,20.5,1
3,17,-0.8,19.7,1
3,18,-0.3,19.4,1
3,19,2.1,21.5,1
3,20,6.7,28.2,1
3,21,4.2,32.4,1
3,22,2.1,34.5,1
3,23,2.8,37.3,1
3,24,3.3,40.6,1
3,25,0.4,41,1
3,26,0.1,41.1,1
3,27,-2.1,39,1
3,28,-0.9,38.1,1
3,29,-2.1,36,1
3,30,0.8,36.8,1
3,31,5.2,42,1
4,1,8.3,50.3,1
4,2,5.7,56,1
4,3,4.7,60.7,1
4,4,6.4,67.1,1
4,5,8.8,75.9,1
4,6,9.5,85.4,1
4,7,5.3,90.7,1
4,8,4,94.7,1
4,9,8.3,103,1
4,10,12.4,115.4,1
4,11,8.8,124.2,1
4,12,8.3,132.5,1
4,13,11.9,144.4,1
4,14,3.9,148.3,1
4,15,3.7,152,1
4,16,4.7,156.7,1
4,17,4.1,160.8,1
4,18,5.5,166.3,1
4,19,6,172.3,1
4,20,7.5,179.8,1
4,21,7.8,187.6,1
4,22,6.7,194.3,1
4,23,5.3,199.6,1
4,24,6.6,206.2,1
4,25,9.1,215.3,1
4,26,7.7,223,1
4,27,10.4,233.4,2
4,28,12.2,245.6,2
4,29,10.5,256.1,2
4,30,9.4,265.5,2
5,1,11.6,277.1,2
5,2,12.9,290,2
5,3,16.7,306.7,3
5,4,16.2,322.9,3
5,5,15.3,338.2,3
5,6,12.7,350.9,4
5,7,14.6,365.5,4
5,8,12.6,378.1,4
5,9,10.6,388.7,4
5,10,10.5,399.2,4
5,11,11.2,410.4,4
5,12,9.7,420.1,4
5,13,9.2,429.3,4
5,14,9,438.3,4
5,15,11,449.3,4
5,16,11.9,461.2,4
5,17,16.9,478.1,4
5,18,16.2,494.3,4
5,19,14.6,508.9,4
5,20,15.4,524.3,4
5,21,16.5,540.8,4
5,22,17.2,558,4
5,23,14.2,572.2,4
5,24,15.6,587.8,4
5,25,13.2,601,4
5,26,9.5,610.5,4
5,27,10.2,620.7,4
5,28,10.7,631.4,4
5,29,11.9,643.3,4
5,30,13.5,656.8,4
5,31,14.9,671.7,4
3,1,-0.3,-0.3,1
3,2,-1.3,-1.6,1
3,3,-4.8,-6.4,1
3,4,-4,-10.4,1
3,5,0.6,-9.8,1
3,6,3,-6.8,1
3,7,0.1,-6.7,1
3,8,-1.5,-8.2,1
3,9,-3.1,-11.3,1
3,10,-2.6,-13.9,1
3,11,-1.1,-15,1
3,12,1,-14,1
3,13,8,-6,1
3,14,6.4,0.4,1
3,15,1.3,1.7,1
3,16,-1.7,0,1
3,17,-3.7,-3.7,1
3,18,-0.1,-3.8,1
3,19,4.6,0.8,1
3,20,5.1,5.9,1
3,21,2.4,8.3,1
3,22,1,9.3,1
3,23,-0.6,8.7,1
3,24,-0.4,8.3,1
3,25,0.1,8.4,1
3,26,0.9,9.3,1
3,27,-0.8,8.5,1
3,28,1.3,9.8,1
3,29,3.9,13.7,1
3,30,4.2,17.9,1
3,31,5.2,23.1,1
4,1,6.9,30,1
4,2,2.7,32.7,1
4,3,1.6,34.3,1
4,4,2,36.3,1
4,5,6.2,42.5,1
4,6,8.1,50.6,1
4,7,9.7,60.3,1
4,8,7.4,67.7,1
4,9,4.4,72.1,1
4,10,8,80.1,1
4,11,6.5,86.6,1
4,12,6.1,92.7,1
4,13,10.3,103,1
4,14,11.5,114.5,1
4,15,13.4,127.9,1
4,16,8.6,136.5,1
4,17,6.5,143,1
4,18,6.7,149.7,1
4,19,3.7,153.4,1
4,20,5,158.4,1
4,21,6.6,165,1
4,22,8.4,173.4,1
4,23,10.5,183.9,1
4,24,9,192.9,1
4,25,8.9,201.8,1
4,26,10.9,212.7,2
4,27,9.1,221.8,2
4,28,9.1,230.9,2
4,29,8.8,239.7,2
4,30,11.8,251.5,2
5,1,14.6,266.1,2
5,2,8.3,274.4,3
5,3,10.3,284.7,3
5,4,9.4,294.1,3
5,5,8.8,302.9,3
5,6,11.1,314,3
5,7,16.1,330.1,4
5,8,12.4,342.5,4
5,9,13.7,356.2,4
5,10,12.5,368.7,4
5,11,11.2,379.9,4
5,12,13.9,393.8,4
5,13,12.9,406.7,4
5,14,12.8,419.5,4
5,15,9.9,429.4,4
5,16,15,444.4,4
5,17,13.5,457.9,4
5,18,14.9,472.8,4
5,19,18.1,490.9,4
5,20,17.8,508.7,4
5,21,15.9,524.6,4
5,22,11.9,536.5,4
5,23,11.5,548,4
5,24,14.3,562.3,4
5,25,13.3,575.6,4
5,26,15.8,591.4,4
5,27,16.1,607.5,4
5,28,17,624.5,4
5,29,14.1,638.6,4
5,30,10.7,649.3,4
5,31,10.8,660.1,4
3,1,-1.1,-1.1,1
3,2,-0.2,-1.3,1
3,3,-1.2,-2.5,1
3,4,-1.8,-4.3,1
3,5,-1.4,-5.7,1
3,6,2.6,-3.1,1
3,7,2.7,-0.4,1
3,8,2,1.6,1
3,9,1.8,3.4,1
3,10,1.6,5,1
3,11,1,6,1
3,12,-0.8,5.2,1
3,13,-1.5,3.7,1
3,14,-0.1,3.6,1
3,15,0.8,4.4,1
3,16,0.8,5.2,1
3,17,2.6,7.8,1
3,18,2.4,10.2,1
3,19,-2,8.2,1
3,20,-0.8,7.4,1
3,21,0.6,8,1
3,22,4.4,12.4,1
3,23,2.7,15.1,1
3,24,-0.1,15,1
3,25,0.5,15.5,1
3,26,-1,14.5,1
3,27,2.8,17.3,1
3,28,2.2,19.5,1
3,29,4.5,24,1
3,30,8.6,32.6,1
3,31,1.7,34.3,1
4,1,0.3,34.6,1
4,2,0.9,35.5,1
4,3,2.5,38,1
4,4,2.3,40.3,1
4,5,2.2,42.5,1
4,6,-0.1,42.4,1
4,7,0.2,42.6,1
4,8,2.6,45.2,1
4,9,7.5,52.7,1
4,10,7.3,60,1
4,11,8.9,68.9,1
4,12,7.6,76.5,1
4,13,7.7,84.2,1
4,14,6.5,90.7,1
4,15,6.3,97,1
4,16,7.3,104.3,1
4,17,8.6,112.9,1
4,18,7.9,120.8,1
4,19,8.6,129.4,1
4,20,7.9,137.3,1
4,21,8.2,145.5,1
4,22,11.7,157.2,1
4,23,12,169.2,1
4,24,11.3,180.5,1
4,25,11.9,192.4,1
4,26,14.8,207.2,1
4,27,10.6,217.8,2
4,28,12,229.8,2
4,29,14.5,244.3,2
4,30,15.6,259.9,2
5,1,18.3,278.2,3
5,2,18,296.2,3
5,3,14.1,310.3,4
5,4,13.2,323.5,4
5,5,12.5,336,4
5,6,12.1,348.1,4
5,7,13.3,361.4,4
5,8,14.4,375.8,4
5,9,13.3,389.1,4
5,10,11.4,400.5,4
5,11,11.2,411.7,4
5,12,8.9,420.6,4
5,13,11.2,431.8,4
5,14,12.7,444.5,4
5,15,12.3,456.8,4
5,16,13.3,470.1,4
5,17,12.9,483,4
5,18,13.9,496.9,4
5,19,13.1,510,4
5,20,14.6,524.6,4
5,21,15.2,539.8,4
5,22,15.2,555,4
5,23,12.9,567.9,4
5,24,16.1,584,4
5,25,16.6,600.6,4
5,26,15.1,615.7,4
5,27,14.9,630.6,4
5,28,14.3,644.9,4
5,29,14.2,659.1,4
5,30,13.7,672.8,4
5,31,14,686.8,4
3,1,1.7,1.7,1
3,2,-0.7,1,1
3,3,-1,0,1
3,4,-0.6,-0.6,1
3,5,-0.5,-1.1,1
3,6,3.4,2.3,1
3,7,3.8,6.1,1
3,8,5.4,11.5,1
3,9,-2.4,9.1,1
3,10,-1.2,7.9,1
3,11,-3.7,4.2,1
3,12,1.9,6.1,1
3,13,2.7,8.8,1
3,14,-0.9,7.9,1
3,15,1.8,9.7,1
3,16,2.3,12,1
3,17,2.2,14.2,1
3,18,5.7,19.9,1
3,19,4.6,24.5,1
3,20,1.4,25.9,1
3,21,-2.4,23.5,1
3,22,2.8,26.3,1
3,23,0.2,26.5,1
3,24,0.3,26.8,1
3,25,0.4,27.2,1
3,26,0.5,27.7,1
3,27,1.8,29.5,1
3,28,6.8,36.3,1
3,29,3,39.3,1
3,30,1.9,41.2,1
3,31,1.8,43,1
4,1,3.7,46.7,1
4,2,5.2,51.9,1
4,3,5.9,57.8,1
4,4,5.7,63.5,1
4,5,4.7,68.2,1
4,6,6.7,74.9,1
4,7,11.1,86,1
4,8,4.5,90.5,1
4,9,8,98.5,1
4,10,4.4,102.9,1
4,11,4,106.9,1
4,12,3.6,110.5,1
4,13,7.4,117.9,1
4,14,11.5,129.4,1
4,15,5.7,135.1,1
4,16,6.9,142,1
4,17,8.8,150.8,1
4,18,5.1,155.9,1
4,19,2.8,158.7,1
4,20,5.3,164,1
4,21,3.8,167.8,1
4,22,7.6,175.4,1
4,23,10.4,185.8,1
4,24,10.3,196.1,1
4,25,11.3,207.4,1
4,26,9,216.4,1
4,27,7.5,223.9,1
4,28,8.3,232.2,2
4,29,8.1,240.3,2
4,30,11.1,251.4,2
5,1,7,258.4,2
5,2,6.6,265,2
5,3,7.3,272.3,2
5,4,9.3,281.6,2
5,5,10.6,292.2,2
5,6,10.9,303.1,2
5,7,5.5,308.6,3
5,8,9.5,318.1,3
5,9,13,331.1,3
5,10,13.1,344.2,3
5,11,10.6,354.8,4
5,12,11.1,365.9,4
5,13,12.3,378.2,4
5,14,12.5,390.7,4
5,15,11,401.7,4
5,16,10.9,412.6,4
5,17,12.2,424.8,4
5,18,12.2,437,4
5,19,12.5,449.5,4
5,20,14.6,464.1,4
5,21,16.4,480.5,4
5,22,16.2,496.7,4
5,23,14.4,511.1,4
5,24,13.7,524.8,4
5,25,12.8,537.6,4
5,26,16.8,554.4,4
5,27,19.5,573.9,4
5,28,21.2,595.1,4
5,29,20.6,615.7,4
5,30,18.9,634.6,4
5,31,18.7,653.3,4
3,1,-0.5,-0.5,1
3,2,-1.4,-1.9,1
3,3,-2.4,-4.3,1
3,4,0.8,-3.5,1
3,5,3,-0.5,1
3,6,-3.2,-3.7,1
3,7,-4.7,-8.4,1
3,8,-3.6,-12,1
3,9,-1.3,-13.3,1
3,10,-2.2,-15.5,1
3,11,-0.5,-16,1
3,12,-0.2,-16.2,1
3,13,-0.2,-16.4,1
3,14,0,-16.4,1
3,15,0.2,-16.2,1
3,16,1.2,-15,1
3,17,2.9,-12.1,1
3,18,4.1,-8,1
3,19,2.8,-5.2,1
3,20,0.8,-4.4,1
3,21,0,-4.4,1
3,22,2.5,-1.9,1
3,23,2.6,0.7,1
3,24,7.8,8.5,1
3,25,8.4,16.9,1
3,26,7.5,24.4,1
3,27,6.7,31.1,1
3,28,8.5,39.6,1
3,29,10.5,50.1,1
3,30,3.6,53.7,1
3,31,5.5,59.2,1
4,1,7,66.2,1
4,2,8.6,74.8,1
4,3,11.8,86.6,1
4,4,5.6,92.2,1
4,5,2.4,94.6,1
4,6,3,97.6,1
4,7,7,104.6,1
4,8,6.9,111.5,1
4,9,5.6,117.1,1
4,10,5.9,123,1
4,11,4.8,127.8,1
4,12,7.1,134.9,1
4,13,6.6,141.5,1
4,14,7.3,148.8,1
4,15,9.4,158.2,1
4,16,8.2,166.4,1
4,17,7.9,174.3,1
4,18,6.7,181,1
4,19,5.5,186.5,1
4,20,6.7,193.2,1
4,21,8.4,201.6,1
4,22,10.7,212.3,1
4,23,8.8,221.1,2
4,24,11.9,233,2
4,25,13.6,246.6,2
4,26,14.6,261.2,2
4,27,16.7,277.9,3
4,28,13.9,291.8,3
4,29,10.9,302.7,3
4,30,11.3,314,3
5,1,15.8,329.8,4
5,2,14.8,344.6,4
5,3,15.3,359.9,4
5,4,12.7,372.6,4
5,5,14,386.6,4
5,6,11.6,398.2,4
5,7,13,411.2,4
5,8,15.7,426.9,4
5,9,11.4,438.3,4
5,10,11.2,449.5,4
5,11,14.7,464.2,4
5,12,17.9,482.1,4
5,13,17.2,499.3,4
5,14,19.3,518.6,4
5,15,15.8,534.4,4
5,16,13.7,548.1,4
5,17,11.4,559.5,4
5,18,13.3,572.8,4
5,19,14.3,587.1,4
5,20,16.7,603.8,4
5,21,13.2,617,4
5,22,11.7,628.7,4
5,23,13.2,641.9,4
5,24,15.5,657.4,4
5,25,19.2,676.6,4
5,26,14.5,691.1,4
5,27,18.8,709.9,4
5,28,20.9,730.8,4
5,29,22.8,753.6,4
5,30,22.4,776,4
5,31,19.5,795.5,4
3,1,-0.3,-0.3,1
3,2,1.4,1.1,1
3,3,2.3,3.4,1
3,4,2.3,5.7,1
3,5,2.6,8.3,1
3,6,2,10.3,1
3,7,3.5,13.8,1
3,8,3.5,17.3,1
3,9,4.7,22,1
3,10,2.1,24.1,1
3,11,-2.7,21.4,1
3,12,-1.5,19.9,1
3,13,0,19.9,1
3,14,1.3,21.2,1
3,15,2.9,24.1,1
3,16,5.5,29.6,1
3,17,6.6,36.2,1
3,18,5.6,41.8,1
3,19,4.4,46.2,1
3,20,4.6,50.8,1
3,21,4.8,55.6,1
3,22,4.6,60.2,1
3,23,0.5,60.7,1
3,24,1.6,62.3,1
3,25,3.2,65.5,1
3,26,5.5,71,1
3,27,10.2,81.2,1
3,28,10.3,91.5,1
3,29,10.6,102.1,1
3,30,7.7,109.8,1
3,31,10.3,120.1,1
4,1,6.3,126.4,1
4,2,6.5,132.9,1
4,3,9.4,142.3,1
4,4,8.5,150.8,1
4,5,7.6,158.4,1
4,6,9,167.4,1
4,7,4.2,171.6,1
4,8,2.1,173.7,1
4,9,3.8,177.5,1
4,10,6.9,184.4,1
4,11,7.6,192,1
4,12,7,199,1
4,13,8.2,207.2,1
4,14,11.2,218.4,1
4,15,10.4,228.8,2
4,16,10.1,238.9,2
4,17,7.7,246.6,2
4,18,8.5,255.1,2
4,19,9.3,264.4,2
4,20,9.5,273.9,2
4,21,9.8,283.7,2
4,22,11.9,295.6,3
4,23,12.6,308.2,3
4,24,12.4,320.6,3
4,25,11.9,332.5,3
4,26,14.7,347.2,3
4,27,19.2,366.4,4
4,28,18.9,385.3,4
4,29,16.2,401.5,4
4,30,16.3,417.8,4
5,1,16.6,434.4,4
5,2,17,451.4,4
5,3,17.9,469.3,4
5,4,17.9,487.2,4
5,5,13.7,500.9,4
5,6,15.1,516,4
5,7,14.6,530.6,4
5,8,14.2,544.8,4
5,9,12.6,557.4,4
5,10,10.4,567.8,4
5,11,13.7,581.5,4
5,12,12.6,594.1,4
5,13,15.4,609.5,4
5,14,15.7,625.2,4
5,15,14.4,639.6,4
5,16,12.4,652,4
5,17,13.6,665.6,4
5,18,17.2,682.8,4
5,19,16,698.8,4
5,20,15.7,714.5,4
5,21,13.5,728,4
5,22,16.8,744.8,4
5,23,20.4,765.2,4
5,24,20.4,785.6,4
5,25,16.8,802.4,4
5,26,18.4,820.8,4
5,27,15.7,836.5,4
5,28,17.8,854.3,4
5,29,21.3,875.6,4
5,30,21.2,896.8,4
5,31,18,914.8,4
3,1,-2.6,-2.6,1
3,2,-2,-4.6,1
3,3,0.8,-3.8,1
3,4,0.9,-2.9,1
3,5,1,-1.9,1
3,6,6,4.1,1
3,7,5.6,9.7,1
3,8,5.4,15.1,1
3,9,1.4,16.5,1
3,10,-0.6,15.9,1
3,11,-0.2,15.7,1
3,12,0.4,16.1,1
3,13,1.9,18,1
3,14,3.9,21.9,1
3,15,3.6,25.5,1
3,16,8,33.5,1
3,17,10.3,43.8,1
3,18,11.6,55.4,1
3,19,8.8,64.2,1
3,20,4.8,69,1
3,21,2.6,71.6,1
3,22,2.7,74.3,1
3,23,2.9,77.2,1
3,24,1.4,78.6,1
3,25,2,80.6,1
3,26,4,84.6,1
3,27,5.8,90.4,1
3,28,6.4,96.8,1
3,29,7.9,104.7,1
3,30,6.8,111.5,1
3,31,7.2,118.7,1
4,1,6.2,124.9,1
4,2,9,133.9,1
4,3,8.5,142.4,1
4,4,4.8,147.2,1
4,5,8.4,155.6,1
4,6,8.3,163.9,1
4,7,6.8,170.7,1
4,8,9.4,180.1,1
4,9,9.6,189.7,1
4,10,6,195.7,1
4,11,2.3,198,1
4,12,6,204,1
4,13,11.4,215.4,1
4,14,12.3,227.7,1
4,15,6.7,234.4,1
4,16,9.4,243.8,2
4,17,10.8,254.6,2
4,18,11.4,266,2
4,19,9.1,275.1,2
4,20,11.6,286.7,2
4,21,14.8,301.5,2
4,22,13.1,314.6,3
4,23,12.6,327.2,3
4,24,11.7,338.9,3
4,25,10.5,349.4,3
4,26,10.5,359.9,3
4,27,10.8,370.7,4
4,28,8.4,379.1,4
4,29,6.4,385.5,4
4,30,7.7,393.2,4
5,1,8.3,401.5,4
5,2,13.1,414.6,4
5,3,21,435.6,4
5,4,16.3,451.9,4
5,5,14.6,466.5,4
5,6,14.3,480.8,4
5,7,15.2,496,4
5,8,15,511,4
5,9,13.3,524.3,4
5,10,11.4,535.7,4
5,11,12.5,548.2,4
5,12,13.5,561.7,4
5,13,17,578.7,4
5,14,15.1,593.8,4
5,15,15.9,609.7,4
5,16,18.4,628.1,4
5,17,15.3,643.4,4
5,18,17.2,660.6,4
5,19,17.7,678.3,4
5,20,16.9,695.2,4
5,21,18.4,713.6,4
5,22,19.8,733.4,4
5,23,18.7,752.1,4
5,24,17.2,769.3,4
5,25,19.2,788.5,4
5,26,22,810.5,4
5,27,17.9,828.4,4
5,28,18,846.4,4
5,29,17.8,864.2,4
5,30,18.6,882.8,4
5,31,17.5,900.3,4
3,1,1.3,1.3,1
3,2,2.8,4.1,1
3,3,1.4,5.5,1
3,4,1.1,6.6,1
3,5,1.1,7.7,1
3,6,0.3,8,1
3,7,-1.9,6.1,1
3,8,-1.7,4.4,1
3,9,0.7,5.1,1
3,10,0,5.1,1
3,11,0.3,5.4,1
3,12,1.7,7.1,1
3,13,1.6,8.7,1
3,14,3.3,12,1
3,15,1.7,13.7,1
3,16,2.5,16.2,1
3,17,3,19.2,1
3,18,3.4,22.6,1
3,19,3.9,26.5,1
3,20,4.8,31.3,1
3,21,4.5,35.8,1
3,22,4.6,40.4,1
3,23,1.3,41.7,1
3,24,0.6,42.3,1
3,25,2.6,44.9,1
3,26,2.9,47.8,1
3,27,2.4,50.2,1
3,28,2.8,53,1
3,29,5.4,58.4,1
3,30,6.3,64.7,1
3,31,3.3,68,1
4,1,3.4,71.4,1
4,2,4.1,75.5,1
4,3,6.3,81.8,1
4,4,7.5,89.3,1
4,5,10.2,99.5,1
4,6,13.3,112.8,1
4,7,11,123.8,1
4,8,11.1,134.9,1
4,9,8.2,143.1,1
4,10,7.2,150.3,1
4,11,8.5,158.8,1
4,12,5.7,164.5,1
4,13,5.5,170,1
4,14,12.7,182.7,1
4,15,13.4,196.1,1
4,16,14.1,210.2,1
4,17,11.5,221.7,1
4,18,11.1,232.8,2
4,19,7.6,240.4,2
4,20,6.7,247.1,2
4,21,8.9,256,2
4,22,8,264,2
4,23,7.9,271.9,2
4,24,10.8,282.7,2
4,25,13.6,296.3,3
4,26,9.8,306.1,3
4,27,9.7,315.8,3
4,28,12.1,327.9,4
4,29,11,338.9,4
4,30,14,352.9,4
5,1,12.6,365.5,4
5,2,12.1,377.6,4
5,3,12.9,390.5,4
5,4,15.4,405.9,4
5,5,16.8,422.7,4
5,6,13.9,436.6,4
5,7,13.5,450.1,4
5,8,12.9,463,4
5,9,11.9,474.9,4
5,10,13.2,488.1,4
5,11,14.8,502.9,4
5,12,14.7,517.6,4
5,13,13.6,531.2,4
5,14,14.6,545.8,4
5,15,15.3,561.1,4
5,16,12.9,574,4
5,17,13.1,587.1,4
5,18,14.7,601.8,4
5,19,17.6,619.4,4
5,20,20.4,639.8,4
5,21,20.4,660.2,4
5,22,18.8,679,4
5,23,17.3,696.3,4
5,24,16.1,712.4,4
5,25,15.9,728.3,4
5,26,17,745.3,4
5,27,14.1,759.4,4
5,28,15.9,775.3,4
5,29,19.5,794.8,4
5,30,20.1,814.9,4
5,31,21.3,836.2,4
3,1,2.8,2.8,1
3,2,-1.4,1.4,1
3,3,2.1,3.5,1
3,4,5.4,8.9,1
3,5,0.4,9.3,1
3,6,-2,7.3,1
3,7,-2.9,4.4,1
3,8,0.8,5.2,1
3,9,3.9,9.1,1
3,10,1.2,10.3,1
3,11,1.3,11.6,1
3,12,0.9,12.5,1
3,13,6.2,18.7,1
3,14,7.5,26.2,1
3,15,10.3,36.5,1
3,16,1.5,38,1
3,17,0.8,38.8,1
3,18,4.5,43.3,1
3,19,4.9,48.2,1
3,20,0.6,48.8,1
3,21,1.2,50,1
3,22,2.2,52.2,1
3,23,4,56.2,1
3,24,4.8,61,1
3,25,8.6,69.6,1
3,26,11.2,80.8,1
3,27,10.6,91.4,1
3,28,13,104.4,1
3,29,10.9,115.3,1
3,30,5.1,120.4,1
3,31,6.7,127.1,1
4,1,7.1,134.2,1
4,2,7.9,142.1,1
4,3,13,155.1,1
4,4,4.2,159.3,1
4,5,4.3,163.6,1
4,6,1.4,165,1
4,7,3.9,168.9,1
4,8,4.2,173.1,1
4,9,4.1,177.2,1
4,10,7.2,184.4,1
4,11,9.5,193.9,1
4,12,9.9,203.8,1
4,13,6.4,210.2,1
4,14,4.9,215.1,1
4,15,7.1,222.2,1
4,16,6.9,229.1,1
4,17,9.1,238.2,1
4,18,9.9,248.1,1
4,19,12.8,260.9,1
4,20,13.7,274.6,2
4,21,17.5,292.1,2
4,22,13.7,305.8,3
4,23,11.9,317.7,3
4,24,9.7,327.4,3
4,25,8.1,335.5,3
4,26,11.5,347,4
4,27,13.6,360.6,4
4,28,11.2,371.8,4
4,29,17.8,389.6,4
4,30,18.6,408.2,4
5,1,14,422.2,4
5,2,12.4,434.6,4
5,3,12.7,447.3,4
5,4,10.7,458,4
5,5,11.1,469.1,4
5,6,14.7,483.8,4
5,7,14.3,498.1,4
5,8,11.5,509.6,4
5,9,9.5,519.1,4
5,10,9.1,528.2,4
5,11,13.9,542.1,4
5,12,17.6,559.7,4
5,13,15.8,575.5,4
5,14,13.9,589.4,4
5,15,18.2,607.6,4
5,16,22,629.6,4
5,17,17,646.6,4
5,18,11.3,657.9,4
5,19,8.8,666.7,4
5,20,12.1,678.8,4
5,21,15.6,694.4,4
5,22,16.5,710.9,4
5,23,18.5,729.4,4
5,24,14.9,744.3,4
5,25,15.5,759.8,4
5,26,13.7,773.5,4
5,27,14.6,788.1,4
5,28,16.6,804.7,4
5,29,17.2,821.9,4
5,30,20,841.9,4
5,31,17.9,859.8,4
3,1,3.1,3.1,1
3,2,3.5,6.6,1
3,3,2.6,9.2,1
3,4,3.3,12.5,1
3,5,2.6,15.1,1
3,6,4.4,19.5,1
3,7,1.4,20.9,1
3,8,0.8,21.7,1
3,9,5.7,27.4,1
3,10,6.5,33.9,1
3,11,3.2,37.1,1
3,12,4.7,41.8,1
3,13,2.2,44,1
3,14,1.6,45.6,1
3,15,3.4,49,1
3,16,2.9,51.9,1
3,17,1.3,53.2,1
3,18,4.2,57.4,1
3,19,7.3,64.7,1
3,20,10,74.7,1
3,21,9.9,84.6,1
3,22,3.6,88.2,1
3,23,-1.1,87.1,1
3,24,-1.7,85.4,1
3,25,4.8,90.2,1
3,26,6.6,96.8,1
3,27,2.6,99.4,1
3,28,0.5,99.9,1
3,29,2.2,102.1,1
3,30,1,103.1,1
3,31,0.7,103.8,1
4,1,2.1,105.9,1
4,2,1.2,107.1,1
4,3,1.9,109,1
4,4,5,114,1
4,5,6.6,120.6,1
4,6,6.6,127.2,1
4,7,5.4,132.6,1
4,8,5.4,138,1
4,9,6.4,144.4,1
4,10,6.2,150.6,1
4,11,6.7,157.3,1
4,12,7.6,164.9,1
4,13,9.2,174.1,1
4,14,11.2,185.3,1
4,15,8.8,194.1,1
4,16,10.9,205,1
4,17,14.2,219.2,1
4,18,15.9,235.1,1
4,19,9,244.1,2
4,20,8.9,253,2
4,21,11.5,264.5,2
4,22,11.7,276.2,2
4,23,12.5,288.7,2
4,24,16.3,305,3
4,25,11.7,316.7,3
4,26,5.8,322.5,3
4,27,4.9,327.4,3
4,28,9.9,337.3,3
4,29,11.3,348.6,3
4,30,11.7,360.3,3
5,1,13,373.3,4
5,2,11.7,385,4
5,3,13.3,398.3,4
5,4,13.9,412.2,4
5,5,15,427.2,4
5,6,16.7,443.9,4
5,7,11.4,455.3,4
5,8,14.3,469.6,4
5,9,16.5,486.1,4
5,10,15.3,501.4,4
5,11,11.8,513.2,4
5,12,10.8,524,4
5,13,13.3,537.3,4
5,14,16.4,553.7,4
5,15,16.8,570.5,4
5,16,17.3,587.8,4
5,17,16.6,604.4,4
5,18,18.9,623.3,4
5,19,20.2,643.5,4
5,20,22.1,665.6,4
5,21,18.2,683.8,4
5,22,17.4,701.2,4
5,23,20,721.2,4
5,24,18,739.2,4
5,25,22,761.2,4
5,26,24.9,786.1,4
5,27,24,810.1,4
5,28,19,829.1,4
5,29,16.1,845.2,4
5,30,19,864.2,4
5,31,17.3,881.5,4
